Datetime,Water Level (m)
2025-12-24 00:00:00,0.115546115
2025-12-24 01:00:00,0.28895685
2025-12-24 02:00:00,0.37347528
2025-12-24 03:00:00,0.40573213
2025-12-24 04:00:00,0.36922875
2025-12-24 05:00:00,0.23514763
2025-12-24 06:00:00,0.0960833
2025-12-24 07:00:00,0.03249953
2025-12-24 08:00:00,0.0071312673
2025-12-24 09:00:00,-0.024967765
2025-12-24 10:00:00,-0.060014717
2025-12-24 11:00:00,-0.097798906
2025-12-24 12:00:00,-0.083565675
2025-12-24 13:00:00,0.11625073
2025-12-24 14:00:00,0.30232346
2025-12-24 15:00:00,0.39591023
2025-12-24 16:00:00,0.3765941
2025-12-24 17:00:00,0.26105416
2025-12-24 18:00:00,0.096367866
2025-12-24 19:00:00,0.016553247
2025-12-24 20:00:00,-0.016099105
2025-12-24 21:00:00,-0.04467661
2025-12-24 22:00:00,-0.07527992
2025-12-24 23:00:00,-0.102064215
2025-12-25 00:00:00,-0.009424005
2025-12-25 01:00:00,0.23129864
2025-12-25 02:00:00,0.41003883
2025-12-25 03:00:00,0.48947948
2025-12-25 04:00:00,0.4975158
2025-12-25 05:00:00,0.41941652
2025-12-25 06:00:00,0.2459487
2025-12-25 07:00:00,0.12945667
2025-12-25 08:00:00,0.090925306
2025-12-25 09:00:00,0.058576826
2025-12-25 10:00:00,0.022919536
2025-12-25 11:00:00,-0.017335279
2025-12-25 12:00:00,-0.05214046
2025-12-25 13:00:00,0.012332464
2025-12-25 14:00:00,0.21069506
2025-12-25 15:00:00,0.38224107
2025-12-25 16:00:00,0.44988337
2025-12-25 17:00:00,0.41441908
2025-12-25 18:00:00,0.2781829
2025-12-25 19:00:00,0.12858894
2025-12-25 20:00:00,0.060986184
2025-12-25 21:00:00,0.024328323
2025-12-25 22:00:00,-0.007774498
2025-12-25 23:00:00,-0.040656045
2025-12-26 00:00:00,-0.054823488
2025-12-26 01:00:00,0.09218034
2025-12-26 02:00:00,0.3148211
2025-12-26 03:00:00,0.46698302
2025-12-26 04:00:00,0.5162778
2025-12-26 05:00:00,0.49709705
2025-12-26 06:00:00,0.3746548
2025-12-26 07:00:00,0.20661953
2025-12-26 08:00:00,0.13077563
2025-12-26 09:00:00,0.09746876
2025-12-26 10:00:00,0.06299216
2025-12-26 11:00:00,0.024086623
2025-12-26 12:00:00,-0.019284386
2025-12-26 13:00:00,-0.046992376
2025-12-26 14:00:00,0.061573606
2025-12-26 15:00:00,0.2710112
2025-12-26 16:00:00,0.42580065
2025-12-26 17:00:00,0.46692437
2025-12-26 18:00:00,0.41730875
2025-12-26 19:00:00,0.26724836
2025-12-26 20:00:00,0.12826332
2025-12-26 21:00:00,0.07212985
2025-12-26 22:00:00,0.036983296
2025-12-26 23:00:00,0.006746451
2025-12-27 00:00:00,-0.025283312
2025-12-27 01:00:00,-0.02424569
2025-12-27 02:00:00,0.13199222
2025-12-27 03:00:00,0.33649755
2025-12-27 04:00:00,0.4733478
2025-12-27 05:00:00,0.5086903
2025-12-27 06:00:00,0.4698875
2025-12-27 07:00:00,0.32548118
2025-12-27 08:00:00,0.17509188
2025-12-27 09:00:00,0.116264366
2025-12-27 10:00:00,0.08177202
2025-12-27 11:00:00,0.04760891
2025-12-27 12:00:00,0.008323761
2025-12-27 13:00:00,-0.034849342
2025-12-27 14:00:00,-0.0440745
2025-12-27 15:00:00,0.09763653
2025-12-27 16:00:00,0.29983675
2025-12-27 17:00:00,0.440427
2025-12-27 18:00:00,0.47823036
2025-12-27 19:00:00,0.43906546
2025-12-27 20:00:00,0.29524657
2025-12-27 21:00:00,0.1465598
2025-12-27 22:00:00,0.0895869
2025-12-27 23:00:00,0.055841956
2025-12-28 00:00:00,0.024901738
2025-12-28 01:00:00,-0.0072578313
2025-12-28 02:00:00,-0.008658276
2025-12-28 03:00:00,0.121332556
2025-12-28 04:00:00,0.30856383
2025-12-28 05:00:00,0.44313562
2025-12-28 06:00:00,0.4734575
2025-12-28 07:00:00,0.41680303
2025-12-28 08:00:00,0.26777178
2025-12-28 09:00:00,0.14042895
2025-12-28 10:00:00,0.086942926
2025-12-28 11:00:00,0.0473621
2025-12-28 12:00:00,0.011725253
2025-12-28 13:00:00,-0.030347178
2025-12-28 14:00:00,-0.072456874
2025-12-28 15:00:00,-0.0789122
2025-12-28 16:00:00,0.074237324
2025-12-28 17:00:00,0.28369167
2025-12-28 18:00:00,0.42668238
2025-12-28 19:00:00,0.4679622
2025-12-28 20:00:00,0.4389617
2025-12-28 21:00:00,0.3059972
2025-12-28 22:00:00,0.14974472
2025-12-28 23:00:00,0.089094855
2025-12-29 00:00:00,0.058562834
2025-12-29 01:00:00,0.028283218
2025-12-29 02:00:00,-0.003384569
2025-12-29 03:00:00,-0.022920394
2025-12-29 04:00:00,0.048900705
2025-12-29 05:00:00,0.21249704
2025-12-29 06:00:00,0.36792672
2025-12-29 07:00:00,0.4257516
2025-12-29 08:00:00,0.37812775
2025-12-29 09:00:00,0.24082205
2025-12-29 10:00:00,0.11788963
2025-12-29 11:00:00,0.052794546
2025-12-29 12:00:00,0.010304575
2025-12-29 13:00:00,-0.025104258
2025-12-29 14:00:00,-0.06497463
2025-12-29 15:00:00,-0.10491194
2025-12-29 16:00:00,-0.10333931
2025-12-29 17:00:00,0.065531395
2025-12-29 18:00:00,0.27798524
2025-12-29 19:00:00,0.42080274
2025-12-29 20:00:00,0.46733558
2025-12-29 21:00:00,0.45605987
2025-12-29 22:00:00,0.34881964
2025-12-29 23:00:00,0.18445596
2025-12-30 00:00:00,0.10523462
